{"0": {"nb_sauts": 52, "trainee": [[217.0, 553.3499999999999], [234.03439906075403, 541.2574632840108], [259.5859976518852, 522.1436582100271], [285.1375962430171, 512.0298531360431], [310.68919483414896, 510.91604806205936], [336.24079342528086, 518.8022429880757], [361.79239201641275, 535.688437914092], [383.00127603175736, 547.1956510272513], [383.0, 515.8470666748718], [383.0, 493.4984823224923], [383.0, 480.1498979701127], [383.0, 475.8013136177331], [394.90975339302895, 443.0143000851773], [406.8195067860579, 419.22728655262154], [411.18641636350185, 414.71], [411.18641636350185, 424.76], [411.18641636350185, 443.80999999999995], [411.18641636350185, 471.8599999999999], [411.18641636350185, 508.90999999999985], [439.83192600957204, 500.8842716496055], [468.47743565564224, 487.76854329921093], [497.12294530171243, 483.65281494881634], [525.7684549477826, 488.53708659842175], [530.542706555461, 490.0], [544.8532190836496, 470.1926456890635], [566.3189878759325, 447.9816142226587], [587.7847566682154, 434.77058275625393], [609.2505254604984, 430.55955128984914], [630.7162942527813, 435.34851982344435], [652.1820630450642, 449.1374883570395], [673.6478318373471, 471.9264568906347], [670.6243500522972, 459.49803748520924], [656.872482677854, 429.42398538131664], [646.1530947019568, 399.27605581951036], [635.4337067260595, 378.128126257704], [624.7143187501623, 365.9801966958977], [607.2054948909348, 356.23517364906445], [576.1177992650468, 342.29596363217746], [545.0301036391587, 337.3567536152905], [513.9424080132707, 341.4175435984034], [491.34600338517106, 334.05747594780456], [472.9952442559649, 325.4869794803499], [454.64448512675875, 325.9164830128952], [436.2937259975526, 335.34598654544044], [423.4481946071083, 347.0], [407.21166400925944, 326.39], [390.9751334114106, 314.78], [374.7386028135617, 312.16999999999996], [360.7765121166927, 298.68133333333327], [341.68128563301883, 280.4075199999999], [319.4508812806976, 269.21079999999995], [291.2336837705147, 259.9356095999999], [260.0230896814009, 256.12118399999997], [228.81249559228712, 261.30675840000004], [207.02124673829252, 262.9770012160001], [185.22999788429792, 273.6472440320001], [169.9761236865017, 286.0], [169.9761236865017, 286.0], [169.34366394788535, 286.0], [169.34366394788535, 286.0], [168.67335219367035, 286.0], [167.87884980799188, 286.0], [167.87884980799188, 286.0], [167.03056644298928, 286.0], [167.03056644298928, 286.0], [151.94526825953776, 285.82], [129.31732098436046, 293.04999999999995], [106.68937370918317, 309.2799999999999], [80.92722671048065, 331.2366666666666], [66.17138058846031, 332.0], [59.588189321360574, 332.0], [56.57983916919804, 332.0], [56.57983916919804, 332.0], [56.57983916919804, 332.0], [56.57983916919804, 332.0], [49.81800858997076, 331.71534743024233], [50.822993583877256, 332.0], [50.822993583877256, 332.0], [50.822993583877256, 332.0], [50.822993583877256, 332.0], [50.23166747327455, 324.5633333333334], [50.386666666666656, 302.58055111111105], [54.546666666666624, 279.71820444444444], [57.0, 265.8558577777777], [57.0, 260.993511111111], [57.0, 265.13116444444427], [57.0, 278.26881777777754], [52.986666666666636, 259.71710196345657], [64.94666666666656, 244.78668607604922], [60.28053333333331, 251.01214769627643], [55.6144000000001, 266.2376093165036], [51.62212503703712, 268.9185509036612], [52.20666666666668, 257.3071578817565], [61.82666666666671, 229.1138793606725], [66.24088888888886, 206.15865907901278], [68.05222222222207, 190.32246791706515], [82.40895999999972, 171.08282302459276], [103.1673158644639, 152.3697368518538], [125.28780952977338, 135.0800538731644], [157.90755188942, 118.05360869651591], [185.19819710647056, 95.89568212737223], [202.02995030214538, 76.9616062477117], [216.48827238453464, 65.90513331496365], [230.9465944669239, 63.848660382215584], [245.40491654931316, 70.79218744946753], [259.8632386317024, 84.0], [274.3215607140917, 84.0], [288.77988279648093, 84.0], [283.6371132693955, 76.65], [278.4943437423101, 78.30000000000001], [276.5458143693087, 68.79200000000002], [274.5972849963073, 68.28400000000002], [272.6487556233059, 76.77600000000001], [271.960079161247, 67.66424], [271.2714026991881, 67.55248000000002], [270.58272623712924, 76.44072000000003], [269.89404977507036, 84.0], [269.2053733130115, 84.0], [268.5166968509526, 84.0], [267.8280203888937, 84.0], [267.13934392683484, 84.0], [266.45066746477596, 84.0], [265.7619910027171, 84.0], [266.3438733420111, 79.77000000000001], [266.9257556813051, 84.0], [267.5076380205991, 84.0], [268.0895203598931, 84.0], [268.67140269918707, 84.0], [269.25328503848107, 84.0], [269.83516737777506, 84.0], [270.41704971706906, 84.0], [270.99893205636306, 84.0], [271.58081439565706, 84.0], [272.16269673495106, 84.0], [272.74457907424505, 84.0], [285.0309885149409, 81.59], [297.3173979556367, 84.0], [309.6038073963325, 84.0], [321.89021683702833, 84.0], [334.17662627772415, 84.0], [346.46303571842, 84.0], [358.7494451591158, 84.0], [382.63179637741644, 78.27333333333333], [412.3121184845195, 77.18333333333334], [441.99244059162254, 85.09333333333333], [471.6727626987256, 102.00333333333334], [501.35308480582864, 127.91333333333331], [532.5367016445828, 144.78904622505095], [554.8547791038002, 120.15618490020387], [579.3325365368114, 99.24557682615085], [603.8102939698226, 87.3349687520978]]}, "1": {"nb_sauts": 26, "trainee": [[70.0, 531.3499999999999], [70.0, 544.6999999999999], [70.0, 559.0], [70.0, 559.0], [70.0, 559.0], [70.0, 559.0], [70.0, 559.0], [70.0, 559.0], [70.0, 559.0], [70.0, 559.0], [82.30086058297431, 555.2441910506743], [119.20344233189724, 549.976764202697], [155.95848580631394, 541.285798778553], [192.8971810878552, 533.1244922561543], [229.92534961828864, 525.2305249545876], [266.95351814872186, 526.3365576530211], [303.98168667915445, 536.4425903514544], [341.05100042513175, 535.6741227565107], [378.10791185743983, 527.8676554985914], [415.14833582902713, 526.0108134825285], [451.78532403593, 520.0189407663727], [488.2205943604906, 516.4595527001707], [506.26760871873006, 516.05], [506.26760871873006, 524.8999999999999], [540.8691166547702, 511.25734459419056], [575.4706245908106, 506.61468918838113], [596.2826661000307, 508.00266357395776], [596.6980629869608, 508.01625186856654], [599.1856604934518, 508.34218409105705], [610.9435119440876, 521.699442128581], [620.2733333333331, 552.6033333333332], [644.925267366451, 531.7828178378077], [659.3797798440014, 499.0326767536095], [662.4916814355922, 464.507027968229], [664.6435489335486, 429.9164390375099], [666.7954164315049, 404.32585010679077], [668.4186234226488, 367.7096444523419], [669.9422813900569, 333.0896456706536], [671.0922513550745, 298.45749057423274], [671.8670040396169, 262.8151868170166], [672.6343983291176, 228.17273747096445], [673.384680816217, 191.5299552534156], [674.1242746171165, 154.88696892900134], [674.9809484974555, 120.75576591388237]]}, "2": {"nb_sauts": 30,